title,date,link
[合同公示]2024南京城墙景区及博物馆物业服务项目之城墙博物馆中华门物业,2024-02-07 15:15:58,5bde044b-c9df-411a-94da-3addc1ebdb5f_008
[合同公示]南京市博物总馆江宁织造博物馆物业管理服务,2023-12-15 17:29:57,0d20a208-74b6-480f-a1b1-d921007ed391_008
[交易成果]科举博物馆建设项目,,fb87bf9f-38b7-4187-b7b3-7830be3f31cf_018
[交易成果]科举博物馆建设项目,,4275d35c-5575-4a54-b67f-8b501c84bd27_018
[交易成果]科举博物馆建设项目,,b8e05399-ab32-4d65-b30d-5df893e2b5e8_018
[交易成果]科举博物馆建设项目,,85018b62-6bc3-4518-b494-221a58784c9c_018
[交易成果]科举博物馆建设项目,,6e16992d-a9b4-4e1e-a1d7-bb55017756dd_018
[交易成果]科举博物馆建设项目,,41417938-2761-418b-a12b-d94056aad8cf_018
[交易成果]科举博物馆建设项目,,7920702a-1f3e-452d-9873-05a29e51e428_018
[交易成果]科举博物馆建设项目,,d90d7ab7-9148-47e7-b0df-375ddfa626d8_018
